<Ui xmlns="http://www.blizzard.com/wow/ui/" xmlns:xsi="http://www.w3.org/2001/XMLSchema-instance" xsi:schemaLocation="http://www.blizzard.com/wow/ui/
..\Blizzard_SharedXML\UI.xsd">
	<Frame name="asDBMTimerFrameTemplate" virtual="true" enableMouse="false" frameStrata="LOW" frameLevel="1000">
		<Layers>
			<Layer level="BACKGROUND">
				<Texture name="$parentIcon" parentKey="icon"/>
			</Layer>
			<Layer level="ARTWORK" textureSubLevel="7">
				<Texture name="$parentBorder" parentKey="border" file="Interface\Addons\asDBMTimer\border.tga"/>									
			</Layer>
		</Layers>	
	</Frame>
	<Script file="asDBMTimer.lua"/>
</Ui>
