<Ui xmlns="http://www.blizzard.com/wow/ui/" xmlns:xsi="http://www.w3.org/2001/XMLSchema-instance" xsi:schemaLocation="http://www.blizzard.com/wow/ui/
..\Blizzard_SharedXML\UI.xsd">
	<Frame name="asCastIconFrameTemplate" virtual="true" enableMouse="false">		
		<Layers>
			<Layer level="BACKGROUND">
				<Texture name="$parentIcon" parentKey="icon" setAllPoints="true"/>
			</Layer>
			<Layer level="ARTWORK" textureSubLevel="7">
				<Texture name="$parentBorder" parentKey="border" setAllPoints="true" file="Interface\Addons\asCastbar\border.tga"/>
			</Layer>
		</Layers>
	</Frame>
	<Script file="asCastBar.lua"/>
</Ui>
