<Ui xmlns="http://www.blizzard.com/wow/ui/" xmlns:xsi="http://www.w3.org/2001/XMLSchema-instance" xsi:schemaLocation="http://www.blizzard.com/wow/ui/
..\Blizzard_SharedXML\UI.xsd">
	<Frame name="ATGCDFrameTemplate" virtual="true" enableMouse="false" frameStrata="LOW" frameLevel="1000">
		<Layers>
			<Layer level="BACKGROUND">
				<Texture name="$parentIcon" parentKey="icon"/>
			</Layer>
			<Layer level="ARTWORK" textureSubLevel="7">
				<Texture name="$parentBorder" parentKey ="border" file="Interface\Addons\asTrueGCD\border.tga"/>						
			</Layer>
			<Layer level="OVERLAY">
				<FontString name="$parentCount" justifyH="CENTER" parentKey ="count"/>				
				<FontString name="$parentCancel" justifyH="CENTER" parentKey ="text"/>					
			</Layer>
		</Layers>
		<Frames>
			<Cooldown name="$parentCooldown" inherits="CooldownFrameTemplate" parentKey="cooldown" reverse="false" drawEdge="true" hidden="true" frameLevel="1000">
				<Size x="36" y="36"/>
				<Anchors>
					<Anchor point="CENTER" x="0" y="-1"/>
				</Anchors>
			</Cooldown>
		</Frames>
	</Frame>
	<Script file="asTrueGCD.lua"/>
</Ui>
