<Ui xmlns="http://www.blizzard.com/wow/ui/" xmlns:xsi="http://www.w3.org/2001/XMLSchema-instance" xsi:schemaLocation="http://www.blizzard.com/wow/ui/..\FrameXML\UI.xsd">
	<Script file="LibOpenRaid.lua" />
	<Script file="Functions.lua" />
	<Script file="GetPlayerInformation.lua" />
	<Script file="Deprecated.lua" />
	<Script file="ThingsToMantain_WarWithin.lua" />
	<Script file="ThingsToMantain_Dragonflight.lua" />
	<Script file="ThingsToMantain_Shadowlands.lua" />
	<Script file="ThingsToMantain_Wrath.lua" />
	<Script file="ThingsToMantain_Era.lua" />
	<Script file="ThingsToMantain_Cata.lua" />
	<Script file="ThingsToMantain_Pandaria.lua" />
</Ui>
