<Ui xmlns="http://www.blizzard.com/wow/ui/" xmlns:xsi="http://www.w3.org/2001/XMLSchema-instance" xsi:schemaLocation="http://www.blizzard.com/wow/ui/
..\Blizzard_SharedXML\UI.xsd">
	<Frame name="asTargetDotFrameTemplate" virtual="true" enableMouse="false" frameStrata="LOW" frameLevel="1000">
		<Layers>
			<Layer level="BACKGROUND">
				<Texture name="$parentIcon" parentKey="icon" setAllPoints="true"/>
			</Layer>
			<Layer level="ARTWORK" textureSubLevel="7">
				<Texture name="$parentBorder" parentKey="border" setAllPoints="true" file="Interface\Addons\asDotFilter\border.tga"/>				
			</Layer>
			<Layer level="OVERLAY">
				<FontString name="$parentCount" parentKey="count" justifyH="RIGHT"/>				
				<FontString name="$parentSnapshot" parentKey="snapshot"  justifyH="RIGHT"/>				
			</Layer>
		</Layers>
		<Frames>
			<Cooldown name="$parentCooldown" parentKey="cooldown" inherits="CooldownFrameTemplate" reverse="true" drawEdge="true" hidden="true" frameLevel="1000">
				<Anchors>
					<Anchor point="CENTER">
						<Offset>
							<AbsDimension x="0" y="-1"/>
						</Offset>
					</Anchor>
				</Anchors>
			</Cooldown>
		</Frames>
	</Frame>
	<Script file="asDotFilter.lua"/>
</Ui>
