<Ui xmlns="http://www.blizzard.com/wow/ui/" xmlns:xsi="http://www.w3.org/2001/XMLSchema-instance" xsi:schemaLocation="http://www.blizzard.com/wow/ui/
..\Blizzard_SharedXML\UI.xsd">
    <Button name="AUFUnitButtonTemplate" inherits="SecureUnitButtonTemplate" hidden="true" virtual="true">
    </Button>
    <Frame name="AUFFrameTemplate" virtual="true" enableMouse="false" frameStrata="LOW">
		<Layers>
			<Layer level="BACKGROUND">
				<Texture name="$parentIcon" parentKey="icon" setAllPoints="true"/>
			</Layer>
			<Layer level="BORDER">
				<Texture name="$parentBorder" parentKey="border" file="Interface\Addons\asUnitFrame\border.tga" setAllPoints="true"/>				
			</Layer>
		</Layers>
	</Frame>
	<Frame name="AUFDebuffFrameTemplate" virtual="true" enableMouse="false" frameStrata="LOW" frameLevel = "1000">
		<Layers>
			<Layer level="BACKGROUND">
				<Texture name="$parentPortrait" parentKey="portrait" setAllPoints="true" />
			</Layer>
			<Layer level="BORDER">
				<Texture name="$parentIcon" parentKey="icon" setAllPoints="true"/>
			</Layer>
			<Layer level="ARTWORK" textureSubLevel="7">
				<Texture name="$parentBorder" parentKey="border" setAllPoints="true" file="Interface\Addons\asUnitFrame\border.tga"/>				
			</Layer>
			<Layer level="OVERLAY">
				<FontString name="$parentCount" parentKey="count" justifyH="RIGHT"/>				
			</Layer>	
		</Layers>
		<Frames>
			<Cooldown name="$parentCooldown" parentKey="cooldown" inherits="CooldownFrameTemplate" reverse="true" drawEdge="true" hidden="true" frameLevel = "1000">
				<Anchors>
					<Anchor point="CENTER">
						<Offset>
							<AbsDimension x="0" y="-1"/>
						</Offset>
					</Anchor>
				</Anchors>
			</Cooldown>
		</Frames>
	</Frame>
	<Button name="asTotemButtonTemplate" inherits="SecureUnitButtonTemplate" virtual="true" hidden="true">		
		<Frames>
			<Frame parentKey="Icon" useParentLevel="true">				
				<Anchors>
					<Anchor point="CENTER" />
				</Anchors>
				<Layers>
					<Layer level="BORDER">
						<Texture name="$parentTexture" parentKey="icon" setAllPoints="true"/>
					</Layer>
					<Layer level="ARTWORK" textureSubLevel="7">
						<Texture name="$parentBorder" parentKey="border" setAllPoints="true" file="Interface\Addons\asUnitFrame\border.tga"/>				
					</Layer>					
				</Layers>
				<Frames>
					<Cooldown name="$parentCooldown" parentKey="cooldown" inherits="CooldownFrameTemplate" reverse="true" drawEdge="true" hidden="true" frameLevel = "1000">
						<Anchors>
							<Anchor point="CENTER">
								<Offset>
									<AbsDimension x="0" y="-1"/>
								</Offset>
							</Anchor>
						</Anchors>
					</Cooldown>
				</Frames>
			</Frame>
		</Frames>
	</Button>
</Ui>